﻿<?xml version="1.0" encoding="utf-8"?>
<helpItems schema="maml" xmlns="http://msh">
  <command:command xmlns:maml="http://schemas.microsoft.com/maml/2004/10" xmlns:command="http://schemas.microsoft.com/maml/dev/command/2004/10" xmlns:dev="http://schemas.microsoft.com/maml/dev/2004/10" xmlns:MSHelp="http://msdn.microsoft.com/mshelp">
    <command:details>
      <command:name>Get-SecretStoreConfiguration</command:name>
      <command:verb>Get</command:verb>
      <command:noun>SecretStoreConfiguration</command:noun>
      <maml:description>
        <maml:para>Returns SecretStore configuration information.</maml:para>
      </maml:description>
    </command:details>
    <maml:description>
      <maml:para>This cmdlet reads the SecretStore configuration file and writes configuration information to the pipeline. Configuration information includes:</maml:para>
      <maml:para>- Scope</maml:para>
      <maml:para>- Authentication</maml:para>
      <maml:para>- PasswordTimeout (in seconds)</maml:para>
      <maml:para>- Interaction</maml:para>
    </maml:description>
    <command:syntax>
      <command:syntaxItem>
        <maml:name>Get-SecretStoreConfiguration</maml:name>
      </command:syntaxItem>
    </command:syntax>
    <command:parameters />
    <command:inputTypes>
      <command:inputType>
        <dev:type>
          <maml:name>None</maml:name>
        </dev:type>
        <maml:description>
          <maml:para></maml:para>
        </maml:description>
      </command:inputType>
    </command:inputTypes>
    <command:returnValues>
      <command:returnValue>
        <dev:type>
          <maml:name>Microsoft.PowerShell.SecretStore.SecureStoreConfig</maml:name>
        </dev:type>
        <maml:description>
          <maml:para></maml:para>
        </maml:description>
      </command:returnValue>
    </command:returnValues>
    <maml:alertSet>
      <maml:alert>
        <maml:para>'AllUsers' scope is currently not supported.  Configuration scope is always 'CurrentUser'.</maml:para>
      </maml:alert>
    </maml:alertSet>
    <command:examples>
      <command:example>
        <maml:title>-------------------------- Example 1 --------------------------</maml:title>
        <dev:code>PS C:\&gt; Get-SecretStoreConfiguration

      Scope Authentication PasswordTimeout Interaction
      ----- -------------- --------------- -----------
CurrentUser       Password             900      Prompt</dev:code>
        <dev:remarks>
          <maml:para>This example runs the command from a command shell prompt and displays four SecretStore configuration properties: Scope : 'CurrentUser'. Authentication : A password is required to access the SecretStore. PasswordTimeout : The session password timeout time is 15 minutes. Interaction : The user will be prompted for a password if the command is run in an interactive session.</maml:para>
        </dev:remarks>
      </command:example>
    </command:examples>
    <command:relatedLinks />
  </command:command>
  <command:command xmlns:maml="http://schemas.microsoft.com/maml/2004/10" xmlns:command="http://schemas.microsoft.com/maml/dev/command/2004/10" xmlns:dev="http://schemas.microsoft.com/maml/dev/2004/10" xmlns:MSHelp="http://msdn.microsoft.com/mshelp">
    <command:details>
      <command:name>Reset-SecretStore</command:name>
      <command:verb>Reset</command:verb>
      <command:noun>SecretStore</command:noun>
      <maml:description>
        <maml:para>Resets the SecretStore by deleting all secret data and configuring the store with default options.</maml:para>
      </maml:description>
    </command:details>
    <maml:description>
      <maml:para>This cmdlet completely resets the SecretStore by deleting all secret data it may contain, and resetting configuration options to their default values. It is intended to be used only if a required password is lost, or data files become corrupted so that SecretStore no longer functions and secret data cannot be accessed. Default configuration options can be overridden by specifying individual command configuration option parameters.</maml:para>
    </maml:description>
    <command:syntax>
      <command:syntaxItem>
        <maml:name>Reset-SecretStore</maml:name>
        <command:parameter required="false" variableLength="true" globbing="false" pipelineInput="False" position="named" aliases="none">
          <maml:name>Authentication</maml:name>
          <maml:Description>
            <maml:para>Configuration option to set authentication for store access. Configuration options are 'Password' or 'None'. When 'Password' is selected, SecretStore is configured to require a password for accessing secrets. Default authentication is 'Password', as this provides the strongest protection of secret data.</maml:para>
          </maml:Description>
          <command:parameterValue required="true" variableLength="false">Authenticate</command:parameterValue>
          <dev:type>
            <maml:name>Authenticate</maml:name>
            <maml:uri />
          </dev:type>
          <dev:defaultValue>Password</dev:defaultValue>
        </command:parameter>
        <command:parameter required="false" variableLength="true" globbing="false" pipelineInput="False" position="named" aliases="none">
          <maml:name>Force</maml:name>
          <maml:Description>
            <maml:para>When used, the user will not be asked to confirm and the SecretStore will be reset without prompting. Default value is false, and user will be asked to confirm the operation.</maml:para>
          </maml:Description>
          <dev:type>
            <maml:name>SwitchParameter</maml:name>
            <maml:uri />
          </dev:type>
          <dev:defaultValue>False</dev:defaultValue>
        </command:parameter>
        <command:parameter required="false" variableLength="true" globbing="false" pipelineInput="False" position="named" aliases="none">
          <maml:name>Password</maml:name>
          <maml:Description>
            <maml:para>Sets the provided Password to the newly reset store. If the reset store is not configured for password authentication, an error will be returned.</maml:para>
          </maml:Description>
          <command:parameterValue required="true" variableLength="false">SecureString</command:parameterValue>
          <dev:type>
            <maml:name>SecureString</maml:name>
            <maml:uri />
          </dev:type>
          <dev:defaultValue>None</dev:defaultValue>
        </command:parameter>
        <command:parameter required="false" variableLength="true" globbing="false" pipelineInput="False" position="named" aliases="none">
          <maml:name>PassThru</maml:name>
          <maml:Description>
            <maml:para>Writes the newly reset store configuration object (SecureStorConfig) to the pipeline.</maml:para>
          </maml:Description>
          <dev:type>
            <maml:name>SwitchParameter</maml:name>
            <maml:uri />
          </dev:type>
          <dev:defaultValue>False</dev:defaultValue>
        </command:parameter>
        <command:parameter required="false" variableLength="true" globbing="false" pipelineInput="False" position="named" aliases="none">
          <maml:name>PasswordTimeout</maml:name>
          <maml:Description>
            <maml:para>Configuration option that provides the session password timeout in seconds. Takes an argument whose value determines the session password timeout in seconds. When the timeout value is reached, the current password value is invalidated for the session.</maml:para>
          </maml:Description>
          <command:parameterValue required="true" variableLength="false">Int32</command:parameterValue>
          <dev:type>
            <maml:name>Int32</maml:name>
            <maml:uri />
          </dev:type>
          <dev:defaultValue>900</dev:defaultValue>
        </command:parameter>
        <command:parameter required="false" variableLength="true" globbing="false" pipelineInput="False" position="named" aliases="none">
          <maml:name>Scope</maml:name>
          <maml:Description>
            <maml:para>Configuration option that determines SecretStore operation scope. Currently only 'CurrentUser' scope is supported.</maml:para>
          </maml:Description>
          <command:parameterValueGroup>
            <command:parameterValue required="false" command:variableLength="false">CurrentUser</command:parameterValue>
            <command:parameterValue required="false" command:variableLength="false">AllUsers</command:parameterValue>
          </command:parameterValueGroup>
          <command:parameterValue required="true" variableLength="false">SecureStoreScope</command:parameterValue>
          <dev:type>
            <maml:name>SecureStoreScope</maml:name>
            <maml:uri />
          </dev:type>
          <dev:defaultValue>CurrentUser</dev:defaultValue>
        </command:parameter>
        <command:parameter required="false" variableLength="true" globbing="false" pipelineInput="False" position="named" aliases="none">
          <maml:name>Interaction</maml:name>
          <maml:Description>
            <maml:para>Configuration option to allow or suppress user prompting. Configuration options are 'Prompt' or 'None'. When 'None' is selected, no prompt will be presented in an interactive session to provide a session password. Default value is 'Prompt', and users will be prompted for password when needed. When 'None' is selected and a session password is required, a Microsoft.PowerShell.SecretStore.PasswordRequiredException error is thrown.</maml:para>
          </maml:Description>
          <command:parameterValue required="true" variableLength="false">Interaction</command:parameterValue>
          <dev:type>
            <maml:name>Interaction</maml:name>
            <maml:uri />
          </dev:type>
          <dev:defaultValue>Prompt</dev:defaultValue>
        </command:parameter>
        <command:parameter required="false" variableLength="true" globbing="false" pipelineInput="False" position="named" aliases="cf">
          <maml:name>Confirm</maml:name>
          <maml:Description>
            <maml:para>Prompts you for confirmation before running the cmdlet.</maml:para>
          </maml:Description>
          <dev:type>
            <maml:name>SwitchParameter</maml:name>
            <maml:uri />
          </dev:type>
          <dev:defaultValue>False</dev:defaultValue>
        </command:parameter>
        <command:parameter required="false" variableLength="true" globbing="false" pipelineInput="False" position="named" aliases="wi">
          <maml:name>WhatIf</maml:name>
          <maml:Description>
            <maml:para>Shows what would happen if the cmdlet runs. The cmdlet is not run.</maml:para>
          </maml:Description>
          <dev:type>
            <maml:name>SwitchParameter</maml:name>
            <maml:uri />
          </dev:type>
          <dev:defaultValue>False</dev:defaultValue>
        </command:parameter>
      </command:syntaxItem>
    </command:syntax>
    <command:parameters>
      <command:parameter required="false" variableLength="true" globbing="false" pipelineInput="False" position="named" aliases="none">
        <maml:name>Authentication</maml:name>
        <maml:Description>
          <maml:para>Configuration option to set authentication for store access. Configuration options are 'Password' or 'None'. When 'Password' is selected, SecretStore is configured to require a password for accessing secrets. Default authentication is 'Password', as this provides the strongest protection of secret data.</maml:para>
        </maml:Description>
        <command:parameterValue required="true" variableLength="false">Authenticate</command:parameterValue>
        <dev:type>
          <maml:name>Authenticate</maml:name>
          <maml:uri />
        </dev:type>
        <dev:defaultValue>Password</dev:defaultValue>
      </command:parameter>
      <command:parameter required="false" variableLength="true" globbing="false" pipelineInput="False" position="named" aliases="none">
        <maml:name>Force</maml:name>
        <maml:Description>
          <maml:para>When used, the user will not be asked to confirm and the SecretStore will be reset without prompting. Default value is false, and user will be asked to confirm the operation.</maml:para>
        </maml:Description>
        <command:parameterValue required="false" variableLength="false">SwitchParameter</command:parameterValue>
        <dev:type>
          <maml:name>SwitchParameter</maml:name>
          <maml:uri />
        </dev:type>
        <dev:defaultValue>False</dev:defaultValue>
      </command:parameter>
      <command:parameter required="false" variableLength="true" globbing="false" pipelineInput="False" position="named" aliases="none">
        <maml:name>Password</maml:name>
        <maml:Description>
          <maml:para>Sets the provided Password to the newly reset store. If the reset store is not configured for password authentication, an error will be returned.</maml:para>
        </maml:Description>
        <command:parameterValue required="true" variableLength="false">SecureString</command:parameterValue>
        <dev:type>
          <maml:name>SecureString</maml:name>
          <maml:uri />
        </dev:type>
        <dev:defaultValue>None</dev:defaultValue>
      </command:parameter>
      <command:parameter required="false" variableLength="true" globbing="false" pipelineInput="False" position="named" aliases="none">
        <maml:name>PassThru</maml:name>
        <maml:Description>
          <maml:para>Writes the newly reset store configuration object (SecureStorConfig) to the pipeline.</maml:para>
        </maml:Description>
        <command:parameterValue required="false" variableLength="false">SwitchParameter</command:parameterValue>
        <dev:type>
          <maml:name>SwitchParameter</maml:name>
          <maml:uri />
        </dev:type>
        <dev:defaultValue>False</dev:defaultValue>
      </command:parameter>
      <command:parameter required="false" variableLength="true" globbing="false" pipelineInput="False" position="named" aliases="none">
        <maml:name>PasswordTimeout</maml:name>
        <maml:Description>
          <maml:para>Configuration option that provides the session password timeout in seconds. Takes an argument whose value determines the session password timeout in seconds. When the timeout value is reached, the current password value is invalidated for the session.</maml:para>
        </maml:Description>
        <command:parameterValue required="true" variableLength="false">Int32</command:parameterValue>
        <dev:type>
          <maml:name>Int32</maml:name>
          <maml:uri />
        </dev:type>
        <dev:defaultValue>900</dev:defaultValue>
      </command:parameter>
      <command:parameter required="false" variableLength="true" globbing="false" pipelineInput="False" position="named" aliases="none">
        <maml:name>Scope</maml:name>
        <maml:Description>
          <maml:para>Configuration option that determines SecretStore operation scope. Currently only 'CurrentUser' scope is supported.</maml:para>
        </maml:Description>
        <command:parameterValue required="true" variableLength="false">SecureStoreScope</command:parameterValue>
        <dev:type>
          <maml:name>SecureStoreScope</maml:name>
          <maml:uri />
        </dev:type>
        <dev:defaultValue>CurrentUser</dev:defaultValue>
      </command:parameter>
      <command:parameter required="false" variableLength="true" globbing="false" pipelineInput="False" position="named" aliases="none">
        <maml:name>Interaction</maml:name>
        <maml:Description>
          <maml:para>Configuration option to allow or suppress user prompting. Configuration options are 'Prompt' or 'None'. When 'None' is selected, no prompt will be presented in an interactive session to provide a session password. Default value is 'Prompt', and users will be prompted for password when needed. When 'None' is selected and a session password is required, a Microsoft.PowerShell.SecretStore.PasswordRequiredException error is thrown.</maml:para>
        </maml:Description>
        <command:parameterValue required="true" variableLength="false">Interaction</command:parameterValue>
        <dev:type>
          <maml:name>Interaction</maml:name>
          <maml:uri />
        </dev:type>
        <dev:defaultValue>Prompt</dev:defaultValue>
      </command:parameter>
      <command:parameter required="false" variableLength="true" globbing="false" pipelineInput="False" position="named" aliases="cf">
        <maml:name>Confirm</maml:name>
        <maml:Description>
          <maml:para>Prompts you for confirmation before running the cmdlet.</maml:para>
        </maml:Description>
        <command:parameterValue required="false" variableLength="false">SwitchParameter</command:parameterValue>
        <dev:type>
          <maml:name>SwitchParameter</maml:name>
          <maml:uri />
        </dev:type>
        <dev:defaultValue>False</dev:defaultValue>
      </command:parameter>
      <command:parameter required="false" variableLength="true" globbing="false" pipelineInput="False" position="named" aliases="wi">
        <maml:name>WhatIf</maml:name>
        <maml:Description>
          <maml:para>Shows what would happen if the cmdlet runs. The cmdlet is not run.</maml:para>
        </maml:Description>
        <command:parameterValue required="false" variableLength="false">SwitchParameter</command:parameterValue>
        <dev:type>
          <maml:name>SwitchParameter</maml:name>
          <maml:uri />
        </dev:type>
        <dev:defaultValue>False</dev:defaultValue>
      </command:parameter>
    </command:parameters>
    <command:inputTypes>
      <command:inputType>
        <dev:type>
          <maml:name>None</maml:name>
        </dev:type>
        <maml:description>
          <maml:para></maml:para>
        </maml:description>
      </command:inputType>
    </command:inputTypes>
    <command:returnValues>
      <command:returnValue>
        <dev:type>
          <maml:name>Microsoft.PowerShell.SecretStore.SecureStoreConfig</maml:name>
        </dev:type>
        <maml:description>
          <maml:para></maml:para>
        </maml:description>
      </command:returnValue>
    </command:returnValues>
    <maml:alertSet>
      <maml:alert>
        <maml:para></maml:para>
      </maml:alert>
    </maml:alertSet>
    <command:examples>
      <command:example>
        <maml:title>-------------------------- Example 1 --------------------------</maml:title>
        <dev:code>PS C:\&gt; Reset-SecretStore -PassThru
WARNING: !!This operation will completely remove all SecretStore module secrets and reset configuration settings to default values!!

Reset SecretStore
Are you sure you want to erase all secrets in SecretStore and reset configuration settings to default?
[Y] Yes  [A] Yes to All  [N] No  [L] No to All  [S] Suspend  [?] Help (default is "N"): Y
Creating a new Microsoft.PowerShell.SecretStore vault. A password is required by the current store configuration.
Enter password:
********
Enter password again for verification:
********

      Scope Authentication PasswordTimeout Interaction
      ----- -------------- --------------- -----------
CurrentUser       Password             900      Prompt</dev:code>
        <dev:remarks>
          <maml:para>This example resets the SecretStore for the current user, by deleting all secrets and forcing configuration settings to default values. The user is warned of the consequences of this action and prompted to confirm before continuing.</maml:para>
        </dev:remarks>
      </command:example>
    </command:examples>
    <command:relatedLinks />
  </command:command>
  <command:command xmlns:maml="http://schemas.microsoft.com/maml/2004/10" xmlns:command="http://schemas.microsoft.com/maml/dev/command/2004/10" xmlns:dev="http://schemas.microsoft.com/maml/dev/2004/10" xmlns:MSHelp="http://msdn.microsoft.com/mshelp">
    <command:details>
      <command:name>Set-SecretStoreConfiguration</command:name>
      <command:verb>Set</command:verb>
      <command:noun>SecretStoreConfiguration</command:noun>
      <maml:description>
        <maml:para>Sets SecretStore configuration properties.</maml:para>
      </maml:description>
    </command:details>
    <maml:description>
      <maml:para>This cmdlet takes individual parameter arguments that determine SecretStore configuration. Or the '-Default' parameter can be used to restore SecretStore configuration to default settings.</maml:para>
    </maml:description>
    <command:syntax>
      <command:syntaxItem>
        <maml:name>Set-SecretStoreConfiguration</maml:name>
        <command:parameter required="false" variableLength="true" globbing="false" pipelineInput="False" position="named" aliases="none">
          <maml:name>Authentication</maml:name>
          <maml:Description>
            <maml:para>Configuration option to set authentication for store access. Configuration options are 'Password' or 'None'. When 'Password' is selected, SecretStore is configured to require a password for accessing secrets. Default authentication is 'Password', as this provides the strongest protection of secret data.</maml:para>
          </maml:Description>
          <command:parameterValue required="true" variableLength="false">Authenticate</command:parameterValue>
          <dev:type>
            <maml:name>Authenticate</maml:name>
            <maml:uri />
          </dev:type>
          <dev:defaultValue>Password</dev:defaultValue>
        </command:parameter>
        <command:parameter required="false" variableLength="true" globbing="false" pipelineInput="False" position="named" aliases="none">
          <maml:name>PassThru</maml:name>
          <maml:Description>
            <maml:para>When used, will write the current SecretStore configuration to the pipeline.</maml:para>
          </maml:Description>
          <dev:type>
            <maml:name>SwitchParameter</maml:name>
            <maml:uri />
          </dev:type>
          <dev:defaultValue>False</dev:defaultValue>
        </command:parameter>
        <command:parameter required="false" variableLength="true" globbing="false" pipelineInput="False" position="named" aliases="none">
          <maml:name>Password</maml:name>
          <maml:Description>
            <maml:para>Password to be applied when changing the authentication configuration. When changing the configuration from no password required to password required, the provided password will be set as the new store password. When changing the configuration from password required to no password required, the provided password will be used to authorize the configuration change, and must be the current password used to unlock the store. This command cannot be used to change the store password. To change an existing password, use the `Set-SecretStorePassword` command.</maml:para>
          </maml:Description>
          <command:parameterValue required="true" variableLength="false">SecureString</command:parameterValue>
          <dev:type>
            <maml:name>SecureString</maml:name>
            <maml:uri />
          </dev:type>
          <dev:defaultValue>None</dev:defaultValue>
        </command:parameter>
        <command:parameter required="false" variableLength="true" globbing="false" pipelineInput="False" position="named" aliases="none">
          <maml:name>PasswordTimeout</maml:name>
          <maml:Description>
            <maml:para>Configuration option that provides the session password timeout in seconds. Takes an argument whose value determines the session password timeout in seconds. When the timeout value is reached, the current password value is invalidated for the session.</maml:para>
          </maml:Description>
          <command:parameterValue required="true" variableLength="false">Int32</command:parameterValue>
          <dev:type>
            <maml:name>Int32</maml:name>
            <maml:uri />
          </dev:type>
          <dev:defaultValue>None</dev:defaultValue>
        </command:parameter>
        <command:parameter required="false" variableLength="true" globbing="false" pipelineInput="False" position="named" aliases="none">
          <maml:name>Scope</maml:name>
          <maml:Description>
            <maml:para>Configuration option that determines SecretStore operation scope. Currently only 'CurrentUser' scope is supported.</maml:para>
          </maml:Description>
          <command:parameterValueGroup>
            <command:parameterValue required="false" command:variableLength="false">CurrentUser</command:parameterValue>
            <command:parameterValue required="false" command:variableLength="false">AllUsers</command:parameterValue>
          </command:parameterValueGroup>
          <command:parameterValue required="true" variableLength="false">SecureStoreScope</command:parameterValue>
          <dev:type>
            <maml:name>SecureStoreScope</maml:name>
            <maml:uri />
          </dev:type>
          <dev:defaultValue>None</dev:defaultValue>
        </command:parameter>
        <command:parameter required="false" variableLength="true" globbing="false" pipelineInput="False" position="named" aliases="none">
          <maml:name>Interaction</maml:name>
          <maml:Description>
            <maml:para>Configuration option to allow or suppress user prompting. Configuration options are 'Prompt' or 'None'. When 'None' is selected, no prompt will be presented in an interactive session to provide a session password. Default value is 'Prompt', and users will be prompted for password when needed. When 'None' is selected and a session password is required, a Microsoft.PowerShell.SecretStore.PasswordRequiredException error is thrown.</maml:para>
          </maml:Description>
          <command:parameterValue required="true" variableLength="false">Interaction</command:parameterValue>
          <dev:type>
            <maml:name>Interaction</maml:name>
            <maml:uri />
          </dev:type>
          <dev:defaultValue>False</dev:defaultValue>
        </command:parameter>
        <command:parameter required="false" variableLength="true" globbing="false" pipelineInput="False" position="named" aliases="cf">
          <maml:name>Confirm</maml:name>
          <maml:Description>
            <maml:para>Prompts you for confirmation before running the cmdlet.</maml:para>
          </maml:Description>
          <dev:type>
            <maml:name>SwitchParameter</maml:name>
            <maml:uri />
          </dev:type>
          <dev:defaultValue>False</dev:defaultValue>
        </command:parameter>
        <command:parameter required="false" variableLength="true" globbing="false" pipelineInput="False" position="named" aliases="wi">
          <maml:name>WhatIf</maml:name>
          <maml:Description>
            <maml:para>Shows what would happen if the cmdlet runs. The cmdlet is not run.</maml:para>
          </maml:Description>
          <dev:type>
            <maml:name>SwitchParameter</maml:name>
            <maml:uri />
          </dev:type>
          <dev:defaultValue>False</dev:defaultValue>
        </command:parameter>
      </command:syntaxItem>
      <command:syntaxItem>
        <maml:name>Set-SecretStoreConfiguration</maml:name>
        <command:parameter required="false" variableLength="true" globbing="false" pipelineInput="False" position="named" aliases="none">
          <maml:name>Default</maml:name>
          <maml:Description>
            <maml:para>This parameter switch sets SecretStore configuration to its default settings.</maml:para>
          </maml:Description>
          <dev:type>
            <maml:name>SwitchParameter</maml:name>
            <maml:uri />
          </dev:type>
          <dev:defaultValue>False</dev:defaultValue>
        </command:parameter>
        <command:parameter required="false" variableLength="true" globbing="false" pipelineInput="False" position="named" aliases="none">
          <maml:name>PassThru</maml:name>
          <maml:Description>
            <maml:para>When used, will write the current SecretStore configuration to the pipeline.</maml:para>
          </maml:Description>
          <dev:type>
            <maml:name>SwitchParameter</maml:name>
            <maml:uri />
          </dev:type>
          <dev:defaultValue>False</dev:defaultValue>
        </command:parameter>
        <command:parameter required="false" variableLength="true" globbing="false" pipelineInput="False" position="named" aliases="none">
          <maml:name>Password</maml:name>
          <maml:Description>
            <maml:para>Password to be applied when changing the authentication configuration. When changing the configuration from no password required to password required, the provided password will be set as the new store password. When changing the configuration from password required to no password required, the provided password will be used to authorize the configuration change, and must be the current password used to unlock the store. This command cannot be used to change the store password. To change an existing password, use the `Set-SecretStorePassword` command.</maml:para>
          </maml:Description>
          <command:parameterValue required="true" variableLength="false">SecureString</command:parameterValue>
          <dev:type>
            <maml:name>SecureString</maml:name>
            <maml:uri />
          </dev:type>
          <dev:defaultValue>None</dev:defaultValue>
        </command:parameter>
        <command:parameter required="false" variableLength="true" globbing="false" pipelineInput="False" position="named" aliases="cf">
          <maml:name>Confirm</maml:name>
          <maml:Description>
            <maml:para>Prompts you for confirmation before running the cmdlet.</maml:para>
          </maml:Description>
          <dev:type>
            <maml:name>SwitchParameter</maml:name>
            <maml:uri />
          </dev:type>
          <dev:defaultValue>False</dev:defaultValue>
        </command:parameter>
        <command:parameter required="false" variableLength="true" globbing="false" pipelineInput="False" position="named" aliases="wi">
          <maml:name>WhatIf</maml:name>
          <maml:Description>
            <maml:para>Shows what would happen if the cmdlet runs. The cmdlet is not run.</maml:para>
          </maml:Description>
          <dev:type>
            <maml:name>SwitchParameter</maml:name>
            <maml:uri />
          </dev:type>
          <dev:defaultValue>False</dev:defaultValue>
        </command:parameter>
      </command:syntaxItem>
    </command:syntax>
    <command:parameters>
      <command:parameter required="false" variableLength="true" globbing="false" pipelineInput="False" position="named" aliases="none">
        <maml:name>Authentication</maml:name>
        <maml:Description>
          <maml:para>Configuration option to set authentication for store access. Configuration options are 'Password' or 'None'. When 'Password' is selected, SecretStore is configured to require a password for accessing secrets. Default authentication is 'Password', as this provides the strongest protection of secret data.</maml:para>
        </maml:Description>
        <command:parameterValue required="true" variableLength="false">Authenticate</command:parameterValue>
        <dev:type>
          <maml:name>Authenticate</maml:name>
          <maml:uri />
        </dev:type>
        <dev:defaultValue>Password</dev:defaultValue>
      </command:parameter>
      <command:parameter required="false" variableLength="true" globbing="false" pipelineInput="False" position="named" aliases="none">
        <maml:name>Default</maml:name>
        <maml:Description>
          <maml:para>This parameter switch sets SecretStore configuration to its default settings.</maml:para>
        </maml:Description>
        <command:parameterValue required="false" variableLength="false">SwitchParameter</command:parameterValue>
        <dev:type>
          <maml:name>SwitchParameter</maml:name>
          <maml:uri />
        </dev:type>
        <dev:defaultValue>False</dev:defaultValue>
      </command:parameter>
      <command:parameter required="false" variableLength="true" globbing="false" pipelineInput="False" position="named" aliases="none">
        <maml:name>PassThru</maml:name>
        <maml:Description>
          <maml:para>When used, will write the current SecretStore configuration to the pipeline.</maml:para>
        </maml:Description>
        <command:parameterValue required="false" variableLength="false">SwitchParameter</command:parameterValue>
        <dev:type>
          <maml:name>SwitchParameter</maml:name>
          <maml:uri />
        </dev:type>
        <dev:defaultValue>False</dev:defaultValue>
      </command:parameter>
      <command:parameter required="false" variableLength="true" globbing="false" pipelineInput="False" position="named" aliases="none">
        <maml:name>Password</maml:name>
        <maml:Description>
          <maml:para>Password to be applied when changing the authentication configuration. When changing the configuration from no password required to password required, the provided password will be set as the new store password. When changing the configuration from password required to no password required, the provided password will be used to authorize the configuration change, and must be the current password used to unlock the store. This command cannot be used to change the store password. To change an existing password, use the `Set-SecretStorePassword` command.</maml:para>
        </maml:Description>
        <command:parameterValue required="true" variableLength="false">SecureString</command:parameterValue>
        <dev:type>
          <maml:name>SecureString</maml:name>
          <maml:uri />
        </dev:type>
        <dev:defaultValue>None</dev:defaultValue>
      </command:parameter>
      <command:parameter required="false" variableLength="true" globbing="false" pipelineInput="False" position="named" aliases="none">
        <maml:name>PasswordTimeout</maml:name>
        <maml:Description>
          <maml:para>Configuration option that provides the session password timeout in seconds. Takes an argument whose value determines the session password timeout in seconds. When the timeout value is reached, the current password value is invalidated for the session.</maml:para>
        </maml:Description>
        <command:parameterValue required="true" variableLength="false">Int32</command:parameterValue>
        <dev:type>
          <maml:name>Int32</maml:name>
          <maml:uri />
        </dev:type>
        <dev:defaultValue>None</dev:defaultValue>
      </command:parameter>
      <command:parameter required="false" variableLength="true" globbing="false" pipelineInput="False" position="named" aliases="none">
        <maml:name>Scope</maml:name>
        <maml:Description>
          <maml:para>Configuration option that determines SecretStore operation scope. Currently only 'CurrentUser' scope is supported.</maml:para>
        </maml:Description>
        <command:parameterValue required="true" variableLength="false">SecureStoreScope</command:parameterValue>
        <dev:type>
          <maml:name>SecureStoreScope</maml:name>
          <maml:uri />
        </dev:type>
        <dev:defaultValue>None</dev:defaultValue>
      </command:parameter>
      <command:parameter required="false" variableLength="true" globbing="false" pipelineInput="False" position="named" aliases="none">
        <maml:name>Interaction</maml:name>
        <maml:Description>
          <maml:para>Configuration option to allow or suppress user prompting. Configuration options are 'Prompt' or 'None'. When 'None' is selected, no prompt will be presented in an interactive session to provide a session password. Default value is 'Prompt', and users will be prompted for password when needed. When 'None' is selected and a session password is required, a Microsoft.PowerShell.SecretStore.PasswordRequiredException error is thrown.</maml:para>
        </maml:Description>
        <command:parameterValue required="true" variableLength="false">Interaction</command:parameterValue>
        <dev:type>
          <maml:name>Interaction</maml:name>
          <maml:uri />
        </dev:type>
        <dev:defaultValue>False</dev:defaultValue>
      </command:parameter>
      <command:parameter required="false" variableLength="true" globbing="false" pipelineInput="False" position="named" aliases="cf">
        <maml:name>Confirm</maml:name>
        <maml:Description>
          <maml:para>Prompts you for confirmation before running the cmdlet.</maml:para>
        </maml:Description>
        <command:parameterValue required="false" variableLength="false">SwitchParameter</command:parameterValue>
        <dev:type>
          <maml:name>SwitchParameter</maml:name>
          <maml:uri />
        </dev:type>
        <dev:defaultValue>False</dev:defaultValue>
      </command:parameter>
      <command:parameter required="false" variableLength="true" globbing="false" pipelineInput="False" position="named" aliases="wi">
        <maml:name>WhatIf</maml:name>
        <maml:Description>
          <maml:para>Shows what would happen if the cmdlet runs. The cmdlet is not run.</maml:para>
        </maml:Description>
        <command:parameterValue required="false" variableLength="false">SwitchParameter</command:parameterValue>
        <dev:type>
          <maml:name>SwitchParameter</maml:name>
          <maml:uri />
        </dev:type>
        <dev:defaultValue>False</dev:defaultValue>
      </command:parameter>
    </command:parameters>
    <command:inputTypes>
      <command:inputType>
        <dev:type>
          <maml:name>None</maml:name>
        </dev:type>
        <maml:description>
          <maml:para></maml:para>
        </maml:description>
      </command:inputType>
    </command:inputTypes>
    <command:returnValues>
      <command:returnValue>
        <dev:type>
          <maml:name>Microsoft.PowerShell.SecretStore.SecureStoreConfig</maml:name>
        </dev:type>
        <maml:description>
          <maml:para></maml:para>
        </maml:description>
      </command:returnValue>
    </command:returnValues>
    <maml:alertSet>
      <maml:alert>
        <maml:para></maml:para>
      </maml:alert>
    </maml:alertSet>
    <command:examples>
      <command:example>
        <maml:title>-------------------------- Example 1 --------------------------</maml:title>
        <dev:code>PS C:\&gt; Set-SecretStoreConfiguration -Default

Confirm
Are you sure you want to perform this action?
Performing the operation "Changes local store configuration" on target "SecretStore module local store".
[Y] Yes  [A] Yes to All  [N] No  [L] No to All  [S] Suspend  [?] Help (default is "Y"): Y

      Scope Authentication PasswordTimeout Interaction
      ----- -------------- --------------- -----------
CurrentUser       Password             900      Prompt</dev:code>
        <dev:remarks>
          <maml:para>This example uses the command to restore the SecretStore configuration settings to their default values.</maml:para>
        </dev:remarks>
      </command:example>
      <command:example>
        <maml:title>-------------------------- Example 2 --------------------------</maml:title>
        <dev:code>Install-Module -Name Microsoft.PowerShell.SecretStore -Repository PSGallery -Force
$password = Import-CliXml -Path $securePasswordPath.xml
Set-SecretStoreConfiguration -Scope CurrentUser -Authentication Password -PasswordTimeout 3600 -Interaction None -Password $password -Confirm:$false

Install-Module -Name Microsoft.PowerShell.SecretManagement -Repository PSGallery -Force
Register-SecretVault -Name SecretStore -ModuleName Microsoft.PowerShell.SecretStore -DefaultVault

Unlock-SecretStore -Password $password</dev:code>
        <dev:remarks>
          <maml:para>This is an example of automation script that installs and configures the Microsoft.PowerShell.SecretStore module without user prompting. The configuration requires a password and sets user interaction to None, so that SecretStore will never prompt the user. The configuration also requires a password, and the password is passed in as a SecureString object. The `-Confirm:false` parameter is used so that PowerShell will not prompt for confirmation.</maml:para>
          <maml:para>Next, the SecretManagement module is installed and the SecretStore module registered so that  the SecretStore secrets can be managed.</maml:para>
          <maml:para>The `Unlock-SecretStore` cmdlet is used to unlock the SecretStore for this session. The password timeout was configured for 1 hour and SecretStore will remain unlocked in the session for that amount of time, after which it will need to be unlocked again before secrets can be accessed.</maml:para>
        </dev:remarks>
      </command:example>
      <command:example>
        <maml:title>-------------------------- Example 3 --------------------------</maml:title>
        <dev:code>PS C:\&gt; Get-SecretStoreConfiguration

      Scope Authentication PasswordTimeout Interaction
      ----- -------------- --------------- -----------
CurrentUser       Password             900        None

PS C:\&gt; Set-SecretStoreConfiguration -Authentication Password -Password $password
Set-SecretStoreConfiguration: The Microsoft.PowerShell.SecretStore is already configured to require a password, and a new password cannot be added.
Use the Set-SecretStorePassword cmdlet to change an existing password.</dev:code>
        <dev:remarks>
          <maml:para>This example attempts to set the SecretStore configuration to require a password and provides a new password. But this results in an error. This command cannot be used to change an existing password but only to toggle authentication to require or not require a password. To change an existing SecretStore password, use the `Set-SecretStorePassword` command.</maml:para>
        </dev:remarks>
      </command:example>
    </command:examples>
    <command:relatedLinks />
  </command:command>
  <command:command xmlns:maml="http://schemas.microsoft.com/maml/2004/10" xmlns:command="http://schemas.microsoft.com/maml/dev/command/2004/10" xmlns:dev="http://schemas.microsoft.com/maml/dev/2004/10" xmlns:MSHelp="http://msdn.microsoft.com/mshelp">
    <command:details>
      <command:name>Set-SecretStorePassword</command:name>
      <command:verb>Set</command:verb>
      <command:noun>SecretStorePassword</command:noun>
      <maml:description>
        <maml:para>Replaces the current SecretStore password with a new one.</maml:para>
      </maml:description>
    </command:details>
    <maml:description>
      <maml:para>This cmdlet updates the password for SecretStore. It takes no parameters and prompts the user for both the old and new passwords.</maml:para>
    </maml:description>
    <command:syntax>
      <command:syntaxItem>
        <maml:name>Set-SecretStorePassword</maml:name>
        <command:parameter required="true" variableLength="true" globbing="false" pipelineInput="True (ByValue)" position="named" aliases="none">
          <maml:name>NewPassword</maml:name>
          <maml:Description>
            <maml:para>New password to be applied to the store.</maml:para>
          </maml:Description>
          <command:parameterValue required="true" variableLength="false">SecureString</command:parameterValue>
          <dev:type>
            <maml:name>SecureString</maml:name>
            <maml:uri />
          </dev:type>
          <dev:defaultValue>None</dev:defaultValue>
        </command:parameter>
        <command:parameter required="false" variableLength="true" globbing="false" pipelineInput="False" position="named" aliases="none">
          <maml:name>Password</maml:name>
          <maml:Description>
            <maml:para>Existing password needed to unlock the store. This can be ignored if the store doesn't currently use a password.</maml:para>
          </maml:Description>
          <command:parameterValue required="true" variableLength="false">SecureString</command:parameterValue>
          <dev:type>
            <maml:name>SecureString</maml:name>
            <maml:uri />
          </dev:type>
          <dev:defaultValue>None</dev:defaultValue>
        </command:parameter>
      </command:syntaxItem>
    </command:syntax>
    <command:parameters>
      <command:parameter required="true" variableLength="true" globbing="false" pipelineInput="True (ByValue)" position="named" aliases="none">
        <maml:name>NewPassword</maml:name>
        <maml:Description>
          <maml:para>New password to be applied to the store.</maml:para>
        </maml:Description>
        <command:parameterValue required="true" variableLength="false">SecureString</command:parameterValue>
        <dev:type>
          <maml:name>SecureString</maml:name>
          <maml:uri />
        </dev:type>
        <dev:defaultValue>None</dev:defaultValue>
      </command:parameter>
      <command:parameter required="false" variableLength="true" globbing="false" pipelineInput="False" position="named" aliases="none">
        <maml:name>Password</maml:name>
        <maml:Description>
          <maml:para>Existing password needed to unlock the store. This can be ignored if the store doesn't currently use a password.</maml:para>
        </maml:Description>
        <command:parameterValue required="true" variableLength="false">SecureString</command:parameterValue>
        <dev:type>
          <maml:name>SecureString</maml:name>
          <maml:uri />
        </dev:type>
        <dev:defaultValue>None</dev:defaultValue>
      </command:parameter>
    </command:parameters>
    <command:inputTypes>
      <command:inputType>
        <dev:type>
          <maml:name>None</maml:name>
        </dev:type>
        <maml:description>
          <maml:para></maml:para>
        </maml:description>
      </command:inputType>
    </command:inputTypes>
    <command:returnValues />
    <maml:alertSet>
      <maml:alert>
        <maml:para></maml:para>
      </maml:alert>
    </maml:alertSet>
    <command:examples>
      <command:example>
        <maml:title>-------------------------- Example 1 --------------------------</maml:title>
        <dev:code>PS C:\&gt; Set-SecretStorePassword
Old password
Enter password:
*******
New password
Enter password:
*******
Enter password again for verification:
*******</dev:code>
        <dev:remarks>
          <maml:para>This example runs the command with no parameter arguments. The user is first prompted for the old password. And then prompted for the new password twice for verification.</maml:para>
        </dev:remarks>
      </command:example>
      <command:example>
        <maml:title>-------------------------- Example 2 --------------------------</maml:title>
        <dev:code>PS C:\&gt; Set-SecretStorePassword -NewPassword $newPassword -Password $oldPassword</dev:code>
        <dev:remarks>
          <maml:para>This example runs the command passing in both the current store password and the new password to be set.</maml:para>
        </dev:remarks>
      </command:example>
    </command:examples>
    <command:relatedLinks />
  </command:command>
  <command:command xmlns:maml="http://schemas.microsoft.com/maml/2004/10" xmlns:command="http://schemas.microsoft.com/maml/dev/command/2004/10" xmlns:dev="http://schemas.microsoft.com/maml/dev/2004/10" xmlns:MSHelp="http://msdn.microsoft.com/mshelp">
    <command:details>
      <command:name>Unlock-SecretStore</command:name>
      <command:verb>Unlock</command:verb>
      <command:noun>SecretStore</command:noun>
      <maml:description>
        <maml:para>Unlocks SecretStore with the provided password.</maml:para>
      </maml:description>
    </command:details>
    <maml:description>
      <maml:para>This cmdlet unlocks SecretStore for the current user with the provided password. It can be used to unlock SecretStore when the configuration requires a password and the prompt configuration option is disabled. The provided password will be applied to the current session, and will become invalid after the 'PasswordTimeout' time elapses. If no password is provided by parameter argument, the user will be safely prompted for the password.</maml:para>
    </maml:description>
    <command:syntax>
      <command:syntaxItem>
        <maml:name>Unlock-SecretStore</maml:name>
        <command:parameter required="true" variableLength="true" globbing="false" pipelineInput="True (ByPropertyName, ByValue)" position="named" aliases="none">
          <maml:name>Password</maml:name>
          <maml:Description>
            <maml:para>This parameter takes the password argument as a SecureString object.</maml:para>
          </maml:Description>
          <command:parameterValue required="true" variableLength="false">SecureString</command:parameterValue>
          <dev:type>
            <maml:name>SecureString</maml:name>
            <maml:uri />
          </dev:type>
          <dev:defaultValue>None</dev:defaultValue>
        </command:parameter>
        <command:parameter required="false" variableLength="true" globbing="false" pipelineInput="False" position="named" aliases="none">
          <maml:name>PasswordTimeout</maml:name>
          <maml:Description>
            <maml:para>This parameter takes a password timeout argument in seconds, and overrides the configuration password timeout value. The password timeout value remains in effect for the session until changed.</maml:para>
          </maml:Description>
          <command:parameterValue required="true" variableLength="false">Int32</command:parameterValue>
          <dev:type>
            <maml:name>Int32</maml:name>
            <maml:uri />
          </dev:type>
          <dev:defaultValue>None</dev:defaultValue>
        </command:parameter>
      </command:syntaxItem>
    </command:syntax>
    <command:parameters>
      <command:parameter required="true" variableLength="true" globbing="false" pipelineInput="True (ByPropertyName, ByValue)" position="named" aliases="none">
        <maml:name>Password</maml:name>
        <maml:Description>
          <maml:para>This parameter takes the password argument as a SecureString object.</maml:para>
        </maml:Description>
        <command:parameterValue required="true" variableLength="false">SecureString</command:parameterValue>
        <dev:type>
          <maml:name>SecureString</maml:name>
          <maml:uri />
        </dev:type>
        <dev:defaultValue>None</dev:defaultValue>
      </command:parameter>
      <command:parameter required="false" variableLength="true" globbing="false" pipelineInput="False" position="named" aliases="none">
        <maml:name>PasswordTimeout</maml:name>
        <maml:Description>
          <maml:para>This parameter takes a password timeout argument in seconds, and overrides the configuration password timeout value. The password timeout value remains in effect for the session until changed.</maml:para>
        </maml:Description>
        <command:parameterValue required="true" variableLength="false">Int32</command:parameterValue>
        <dev:type>
          <maml:name>Int32</maml:name>
          <maml:uri />
        </dev:type>
        <dev:defaultValue>None</dev:defaultValue>
      </command:parameter>
    </command:parameters>
    <command:inputTypes>
      <command:inputType>
        <dev:type>
          <maml:name>System.Security.SecureString</maml:name>
        </dev:type>
        <maml:description>
          <maml:para></maml:para>
        </maml:description>
      </command:inputType>
    </command:inputTypes>
    <command:returnValues />
    <maml:alertSet>
      <maml:alert>
        <maml:para></maml:para>
      </maml:alert>
    </maml:alertSet>
    <command:examples>
      <command:example>
        <maml:title>-------------------------- Example 1 --------------------------</maml:title>
        <dev:code>PS C:\&gt; Get-Secret secret1 -Vault LocalStore
Get-Secret: A valid password is required to access the Microsoft.PowerShell.SecretStore vault.
Get-Secret: The secret secret1 was not found.

PS C:\&gt; Unlock-SecretStore

cmdlet Unlock-SecretStore at command pipeline position 1
Supply values for the following parameters:
SecureStringPassword: *******

PS C:\&gt; Get-Secret secret1 -Vault LocalStore
System.Security.SecureString</dev:code>
        <dev:remarks>
          <maml:para>In this example, the SecretManagement 'Get-Secret' command fails to retrieve secret1 because the SecretStore vault is locked. The 'Unlock-SecretStore' command is run to unlock the vault. No password parameter argument was provided to the 'Unlock-SecretStore' command, so the user is prompted for the password. Running 'Get-Secret' again now works and returns the secret as a SecureString object.</maml:para>
        </dev:remarks>
      </command:example>
    </command:examples>
    <command:relatedLinks />
  </command:command>
</helpItems>